videos\WEPI9936.MP4,1
videos\Normal_Videos_881_x264.mp4,0
videos\WFRI9341.MP4,1
videos\Normal_Videos_885_x264.mp4,0
videos\WFRR1379.MP4,1
videos\Normal_Videos_150_x264.mp4,0
videos\WFUR9966.MP4,1
videos\Normal_Videos_722_x264.mp4,0
videos\WFWI9213.MP4,1
videos\Normal_Videos_745_x264.mp4,0
videos\WGRQ1846.MP4,1
videos\Normal_Videos_758_x264.mp4,0
videos\WGWA3794.MP4,1
videos\Normal_Videos_801_x264.mp4,0
videos\WHLA3908.MP4,1
videos\Normal_Videos_641_x264.mp4,0
videos\WHLL7433.MP4,1
videos\Normal_Videos_597_x264.mp4,0
videos\WJAF3788.MP4,1
videos\Normal_Videos_360_x264.mp4,0
videos\WJWP6595.MP4,1
videos\Normal_Videos_365_x264.mp4,0
videos\WMCG9813.MP4,1
videos\Normal_Videos_401_x264.mp4,0
videos\WMGK0089.MP4,1
videos\Normal_Videos_439_x264.mp4,0
videos\WMMW3330.MP4,1
videos\Normal_Videos_453_x264.mp4,0
videos\WMPB9419.MP4,1
videos\Normal_Videos_246_x264.mp4,0
videos\WPCI7797.MP4,1
videos\Normal_Videos_247_x264.mp4,0
videos\WQXD9972.MP4,1
videos\Normal_Videos_289_x264.mp4,0
videos\WRLR2288.MP4,1
videos\Normal_Videos_312_x264.mp4,0
videos\WSAU5260.MP4,1
videos\Normal_Videos_317_x264.mp4,0
videos\WUVI6666.MP4,1
videos\Normal_Videos_345_x264.mp4,0
videos\WVXS9143.MP4,1
videos\Normal_Videos_015_x264.mp4,0
videos\WWQL4516.MP4,1
videos\Normal_Videos_100_x264.mp4,0
videos\XANI2053.MP4,1
videos\Normal_Videos032_x264.mp4,0
videos\XDKE1778.MP4,1
videos\Normal_Videos008_x264.mp4,0
videos\XEUC1246.MP4,1
videos\Normal_Videos009_x264.mp4,0
videos\XEWK5829.MP4,1
videos\Normal_Videos011_x264.mp4,0
videos\XGQZ2449.MP4,1
videos\Normal_Videos012_x264.mp4,0
videos\XHEJ9745.MP4,1
videos\Normal_Videos017_x264.mp4,0
videos\XJKX5673.MP4,1
videos\Normal_Videos020_x264.mp4,0
videos\XOFV8554.MP4,1
videos\Normal_Videos021_x264.mp4,0
videos\XQUZ4989.MP4,1
videos\Normal_Videos023_x264.mp4,0
videos\XSMH4768.MP4,1
videos\Normal_Videos026_x264.mp4,0
videos\XWKI3722.MP4,1
videos\Normal_Videos001_x264.mp4,0
videos\XWWD4876.MP4,1
videos\Normal_Videos002_x264.mp4,0
videos\XZHM9450.MP4,1
videos\Normal_Videos004_x264.mp4,0
videos\XZIF7005.MP4,1
videos\Normal_Videos007_x264.mp4,0
videos\XZIM9762.MP4,1
videos\Normal_Videos948_x264.mp4,0
videos\XZNQ6125.MP4,1
videos\Normal_Videos949_x264.mp4,0
videos\YCZS5046.MP4,1
videos\Normal_Videos947_x264.mp4,0
videos\YCZY5028.MP4,1
videos\Normal_Videos946_x264.mp4,0
videos\YDCQ3956.MP4,1
videos\Normal_Videos859_x264.mp4,0
videos\YDTW0279.MP4,1
videos\Normal_Videos861_x264.mp4,0
videos\YIAC5208.MP4,1
videos\Normal_Videos862_x264.mp4,0
videos\YISG7701.MP4,1
videos\Normal_Videos865_x264.mp4,0
videos\YKPX2798.MP4,1
videos\Normal_Videos855_x264.mp4,0
videos\AABP6330.MP4,1
videos\Normal_Videos856_x264.mp4,0
videos\ABQA6168.MP4,1
videos\Normal_Videos854_x264.mp4,0
videos\ACDJ7455.MP4,1
videos\Normal_Videos849_x264.mp4,0
videos\ACWJ7193.MP4,1
videos\Normal_Videos836_x264.mp4,0
videos\AETH9670.MP4,1
videos\Normal_Videos839_x264.mp4,0
videos\AEYG4087.MP4,1
videos\Normal_Videos822_x264.mp4,0
videos\AFQS3253.MP4,1
videos\Normal_Videos819_x264.mp4,0
videos\AFWC3838.MP4,1
videos\Normal_Videos820_x264.mp4,0
videos\AGFN5371.MP4,1
videos\Normal_Videos818_x264.mp4,0
videos\AGZF5264.MP4,1
videos\Normal_Videos799_x264.mp4,0
videos\AHRJ8539.MP4,1
videos\Normal_Videos795_x264.mp4,0
videos\AHSB4353.MP4,1
videos\Normal_Videos777_x264.mp4,0
videos\AIFF8468.MP4,1
videos\Normal_Videos784_x264.mp4,0
videos\AIRH3456.MP4,1
videos\Normal_Videos772_x264.mp4,0
videos\AJDK8482.MP4,1
videos\Normal_Videos774_x264.mp4,0
videos\ALHE3319.MP4,1
videos\Normal_Videos775_x264.mp4,0
videos\AMGF4240.MP4,1
videos\Normal_Videos755_x264.mp4,0
videos\AMHP8616.MP4,1
videos\Normal_Videos759_x264.mp4,0
videos\ANBM5723.MP4,1
videos\Normal_Videos762_x264.mp4,0
videos\AQTC1660.MP4,1
videos\Normal_Videos763_x264.mp4,0
videos\ATSV8717.MP4,1
videos\Normal_Videos764_x264.mp4,0
videos\ATXY0960.MP4,1
videos\Normal_Videos742_x264.mp4,0
videos\AUHM1871.MP4,1
videos\Normal_Videos746_x264.mp4,0
videos\AUSS7446.MP4,1
videos\Normal_Videos748_x264.mp4,0
videos\AUVE8495.MP4,1
videos\Normal_Videos749_x264.mp4,0
videos\AVAJ6041.MP4,1
videos\Normal_Videos750_x264.mp4,0
videos\AYBC5533.MP4,1
videos\Normal_Videos753_x264.mp4,0
videos\AYLS2359.MP4,1
videos\Normal_Videos754_x264.mp4,0
videos\AYUG6303.MP4,1
videos\Normal_Videos720_x264.mp4,0
videos\AYXS0321.MP4,1
videos\Normal_Videos726_x264.mp4,0
videos\AZAR1861.MP4,1
videos\Normal_Videos729_x264.mp4,0
videos\AZBI4962.MP4,1
videos\Normal_Videos736_x264.mp4,0
videos\AZUT7510.MP4,1
videos\Normal_Videos737_x264.mp4,0
videos\BBEQ8298.MP4,1
videos\Normal_Videos703_x264.mp4,0
videos\BBHU9949.MP4,1
videos\Normal_Videos706_x264.mp4,0
videos\BBQM0746.MP4,1
videos\Normal_Videos707_x264.mp4,0
videos\BBRM5483.MP4,1
videos\Normal_Videos711_x264.mp4,0
videos\BBVN6660.MP4,1
videos\Normal_Videos694_x264.mp4,0
videos\BCGC4191.MP4,1
videos\Normal_Videos695_x264.mp4,0
videos\BDOP9892.MP4,1
videos\Normal_Videos699_x264.mp4,0
videos\BDQR5505.MP4,1
videos\Normal_Videos689_x264.mp4,0
videos\BDYY8714.MP4,1
videos\Normal_Videos690_x264.mp4,0
videos\BDZO4589.MP4,1
videos\Normal_Videos688_x264.mp4,0
videos\BERS4733.MP4,1
videos\Normal_Videos687_x264.mp4,0
videos\BFDE0244.MP4,1
videos\Normal_Videos682_x264.mp4,0
videos\BGBT0166.MP4,1
videos\Normal_Videos678_x264.mp4,0
videos\BHAV0368.MP4,1
videos\Normal_Videos666_x264.mp4,0
videos\BKMI3901.MP4,1
videos\Normal_Videos670_x264.mp4,0
videos\BKOL8647.MP4,1
videos\Normal_Videos671_x264.mp4,0
videos\BLIV1691.MP4,1
videos\Normal_Videos664_x264.mp4,0
videos\BLKD8165.MP4,1
videos\Normal_Videos665_x264.mp4,0
videos\BOBU7495.MP4,1
videos\Normal_Videos648_x264.mp4,0
videos\BRKH3675.MP4,1
videos\Normal_Videos652_x264.mp4,0
videos\BUGG0828.MP4,1
videos\Normal_Videos654_x264.mp4,0
videos\BUOM9270.MP4,1
videos\Normal_Videos636_x264.mp4,0
videos\BURG3724.MP4,1
videos\Normal_Videos631_x264.mp4,0
videos\BYSY8679.MP4,1
videos\Normal_Videos628_x264.mp4,0
videos\BYVZ8376.MP4,1
videos\Normal_Videos620_x264.mp4,0
videos\BZQM1377.MP4,1
videos\Normal_Videos622_x264.mp4,0
videos\BZWR6461.MP4,1
videos\Normal_Videos616_x264.mp4,0
videos\CAGF6737.MP4,1
videos\Normal_Videos619_x264.mp4,0
videos\CBYK9475.MP4,1
videos\Normal_Videos612_x264.mp4,0
videos\CCNO1953.MP4,1
videos\Normal_Videos613_x264.mp4,0
videos\CCTX7325.MP4,1
videos\Normal_Videos598_x264.mp4,0
videos\CEDH1797.MP4,1
videos\Normal_Videos599_x264.mp4,0
videos\CFTC8437.MP4,1
videos\Normal_Videos605_x264.mp4,0
videos\CHNU1079.MP4,1
videos\Normal_Videos593_x264.mp4,0
videos\CHYH8803.MP4,1
videos\Normal_Videos595_x264.mp4,0
videos\CIJE4533.MP4,1
videos\Normal_Videos596_x264.mp4,0
videos\CIRL7929.MP4,1
videos\Normal_Videos579_x264.mp4,0
videos\CJNG3146.MP4,1
videos\Normal_Videos574_x264.mp4,0
videos\CJSD5762.MP4,1
videos\Normal_Videos570_x264.mp4,0
videos\COCW3711.MP4,1
videos\Normal_Videos571_x264.mp4,0
videos\COQD9598.MP4,1
videos\Normal_Videos573_x264.mp4,0
videos\CQHI1238.MP4,1
videos\Normal_Videos566_x264.mp4,0
videos\CQNU5002.MP4,1
videos\Normal_Videos561_x264.mp4,0
videos\CQTZ9278.MP4,1
videos\Normal_Videos547_x264.mp4,0
videos\CSGS2627.MP4,1
videos\Normal_Videos544_x264.mp4,0
videos\CSQO9284.MP4,1
videos\Normal_Videos542_x264.mp4,0
videos\CUBE5084.MP4,1
videos\Normal_Videos530_x264.mp4,0
videos\CWAZ2749.MP4,1
videos\Normal_Videos529_x264.mp4,0
videos\CYLI2931.MP4,1
videos\Normal_Videos527_x264.mp4,0
videos\CYUE3934.MP4,1
videos\Normal_Videos523_x264.mp4,0
videos\CYXU4991.MP4,1
videos\Normal_Videos512_x264.mp4,0
videos\CZHO7148.MP4,1
videos\Normal_Videos504_x264.mp4,0
videos\DBMW8156.MP4,1
videos\Normal_Videos508_x264.mp4,0
videos\DDVR7536.MP4,1
videos\Normal_Videos509_x264.mp4,0
videos\DESZ9568.MP4,1
videos\Normal_Videos498_x264.mp4,0
videos\DFQE2533.MP4,1
videos\Normal_Videos495_x264.mp4,0
videos\DHRI8235.MP4,1
videos\Normal_Videos479_x264.mp4,0
videos\DIEN0188.MP4,1
videos\Normal_Videos480_x264.mp4,0
videos\DIHY3266.MP4,1
videos\Normal_Videos465_x264.mp4,0
videos\DILX7213.MP4,1
videos\Normal_Videos458_x264.mp4,0
videos\DIRN7765.MP4,1
videos\Normal_Videos459_x264.mp4,0
videos\DJYS8108.MP4,1
videos\Normal_Videos460_x264.mp4,0
videos\DLFR5823.MP4,1
videos\Normal_Videos450_x264.mp4,0
videos\DMFB0215.MP4,1
videos\Normal_Videos455_x264.mp4,0
videos\DMRY0100.MP4,1
videos\Normal_Videos456_x264.mp4,0
videos\DNDF3962.MP4,1
videos\Normal_Videos457_x264.mp4,0
videos\DPKY8451.MP4,1
videos\Normal_Videos449_x264.mp4,0
videos\DPWA2654.MP4,1
videos\Normal_Videos438_x264.mp4,0
videos\DQHM3841.MP4,1
videos\Normal_Videos440_x264.mp4,0
videos\DQND8327.MP4,1
videos\Normal_Videos442_x264.mp4,0
videos\DQPH8112.MP4,1
videos\Normal_Videos443_x264.mp4,0
videos\DRFB4637.MP4,1
videos\Normal_Videos445_x264.mp4,0
videos\DTGJ7946.MP4,1
videos\Normal_Videos446_x264.mp4,0
videos\DTTM7442.MP4,1
videos\Normal_Videos426_x264.mp4,0
videos\DWJI6033.MP4,1
videos\Normal_Videos427_x264.mp4,0
videos\DWSY2774.MP4,1
videos\Normal_Videos431_x264.mp4,0
videos\DZNL9953.MP4,1
videos\Normal_Videos423_x264.mp4,0
videos\DZPW0092.MP4,1
videos\Normal_Videos410_x264.mp4,0
videos\EBNQ0604.MP4,1
videos\Normal_Videos411_x264.mp4,0
videos\EBVE5749.MP4,1
videos\Normal_Videos400_x264.mp4,0
videos\EBWD0517.MP4,1
videos\Normal_Videos402_x264.mp4,0
videos\ECMF5914.MP4,1
videos\Normal_Videos403_x264.mp4,0
videos\EDEA7156.MP4,1
videos\Normal_Videos408_x264.mp4,0
videos\EDJJ9607.MP4,1
videos\Normal_Videos394_x264.mp4,0
videos\EDWZ4675.MP4,1
videos\Normal_Videos395_x264.mp4,0
videos\EEZH0852.MP4,1
videos\Normal_Videos391_x264.mp4,0
videos\EFMM7383.MP4,1
videos\Normal_Videos375_x264.mp4,0
videos\EFQZ7895.MP4,1
videos\Normal_Videos371_x264.mp4,0
videos\EGBK4776.MP4,1
videos\Normal_Videos368_x264.mp4,0
videos\EGBW2682.MP4,1
videos\Normal_Videos370_x264.mp4,0
videos\EGPG9416.MP4,1
videos\Normal_Videos353_x264.mp4,0
videos\EGQS4443.MP4,1
videos\Normal_Videos394_x264.mp4,0
videos\EGYQ8985.MP4,1
videos\Normal_Videos361_x264.mp4,0
videos\EHEX8933.MP4,1
videos\Normal_Videos342_x264.mp4,0
videos\EHOH3113.MP4,1
videos\Normal_Videos344_x264.mp4,0
videos\EHSO8264.MP4,1
videos\Normal_Videos346_x264.mp4,0
videos\EJPB5554.MP4,1
videos\Normal_Videos349_x264.mp4,0
videos\EJYL6362.MP4,1
videos\Normal_Videos323_x264.mp4,0
videos\ELAX6021.MP4,1
videos\Normal_Videos325_x264.mp4,0
videos\EOFV5373.MP4,1
videos\Normal_Videos326_x264.mp4,0
videos\EOUU7386.MP4,1
videos\Normal_Videos327_x264.mp4,0
videos\EPZM2056.MP4,1
videos\Normal_Videos328_x264.mp4,0
videos\ERHQ4208.MP4,1
videos\Normal_Videos329_x264.mp4,0
videos\ERKU2123.MP4,1
videos\Normal_Videos330_x264.mp4,0
videos\ERQH3360.MP4,1
videos\Normal_Videos315_x264.mp4,0
videos\ETAF0771.MP4,1
videos\Normal_Videos316_x264.mp4,0
videos\EVSU3253.MP4,1
videos\Normal_Videos318_x264.mp4,0
videos\EVTZ5294.MP4,1
videos\Normal_Videos319_x264.mp4,0
videos\EXHH9440.MP4,1
videos\Normal_Videos313_x264.mp4,0
videos\EXTA3542.MP4,1
videos\Normal_Videos314_x264.mp4,0
videos\EXUB7641.MP4,1
videos\Normal_Videos305_x264.mp4,0
videos\EZRU3088.MP4,1
videos\Normal_Videos306_x264.mp4,0
videos\FALC0081.MP4,1
videos\Normal_Videos296_x264.mp4,0
videos\FAYT6865.MP4,1
videos\Normal_Videos299_x264.mp4,0
videos\FCQF9101.MP4,1
videos\Normal_Videos300_x264.mp4,0
videos\FDES3987.MP4,1
videos\Normal_Videos303_x264.mp4,0
videos\FDMA9335.MP4,1
videos\Normal_Videos281_x264.mp4,0
videos\FEVT8578.MP4,1
videos\Normal_Videos282_x264.mp4,0
videos\FGEJ1929.MP4,1
videos\Normal_Videos283_x264.mp4,0
videos\FGEW3853.MP4,1
videos\Normal_Videos283_x264.mp4,0
videos\FGLV8236.MP4,1
videos\Normal_Videos287_x264.mp4,0
videos\FGVJ7812.MP4,1
videos\Normal_Videos290_x264.mp4,0
videos\FHBF2273.MP4,1
videos\Normal_Videos277_x264.mp4,0
videos\FKVY6444.MP4,1
videos\Normal_Videos273_x264.mp4,0
videos\FLUM8869.MP4,1
videos\Normal_Videos274_x264.mp4,0
videos\FLXY2935.MP4,1
videos\Normal_Videos276_x264.mp4,0
videos\FNKG5625.MP4,1
videos\Normal_Videos268_x264.mp4,0
videos\FQJC3148.MP4,1
videos\Normal_Videos269_x264.mp4,0
videos\FRKV9385.MP4,1
videos\Normal_Videos272_x264.mp4,0
videos\FRLW2159.MP4,1
videos\Normal_Videos263_x264.mp4,0
videos\FTCJ3810.MP4,1
videos\Normal_Videos250_x264.mp4,0
videos\FTZK2379.MP4,1
videos\Normal_Videos253_x264.mp4,0